period,topic,lang,views,project_views,views_per_million,news_spike
2024-09,Astronomy,uk,4687,74509285,62.9049,0
2024-10,Astronomy,uk,1776,83014264,21.3939,0
2024-11,Astronomy,uk,1746,83835060,20.8266,0
2024-12,Astronomy,uk,1634,84431475,19.353,0
2025-01,Astronomy,uk,1558,94111809,16.5548,0
2025-02,Astronomy,uk,1296,81951788,15.8142,0
2025-03,Astronomy,uk,1068,79609260,13.4155,0
2025-04,Astronomy,uk,1019,72146878,14.124,0
2025-05,Astronomy,uk,789,69040303,11.4281,0
2025-06,Astronomy,uk,361,53652676,6.7285,0
2025-07,Astronomy,uk,305,62209478,4.9028,0
2025-08,Astronomy,uk,375,61801817,6.0678,0
2025-09,Astronomy,uk,1642,61256706,26.8052,0
2025-10,Astronomy,uk,635,66044662,9.6147,0
2025-11,Astronomy,uk,557,67137685,8.2964,0
2025-12,Astronomy,uk,622,55497356,11.2077,0
2026-01,Astronomy,uk,449,60471976,7.4249,0
2026-02,Astronomy,uk,425,51614348,8.2341,0
2026-03,Astronomy,uk,410,55114806,7.439,0
2026-04,Astronomy,uk,405,53385280,7.5864,0
2026-05,Astronomy,uk,600,55950057,10.7238,1
2026-06,Astronomy,uk,281,48312008,5.8164,0
2026-07,Astronomy,uk,324,52999047,6.1133,0
2026-08,Astronomy,uk,362,50720483,7.1372,0
